Budget currency,Date range,Advertiser account ID,Advertiser account name,Portfolio ID,Portfolio name,Campaign ID,Campaign name,Ad group ID,Ad group name,Search term,Impressions,Clicks,CTR,Total cost,Purchases,Sales,Units sold,Cost per purchase,Purchase rate,ROAS,Purchases (promoted),Sales (promoted),Units sold (promoted),Cost per purchase (promoted),Purchase rate (promoted),ROAS (promoted),Purchases (halo),Sales (halo),Units sold (halo),Purchases (new to brand),Sales (new to brand),Units sold (new to brand),Cost per purchase (new to brand),Purchase rate (new to brand),ROAS (new to brand),Detail page views,Cost per detail page view,Detail page view rate
GBP,"Aug 25, 2026 - Sep 12, 2026","=""amzn1.ads-account.g.bndxei4mkwqg3my9vzcfqfvgh""",Dgr8cali Stores,-1,No Portfolio,"=""73527101425940""",PILL EXACT HERO,"=""100760527399887""",Ad group - 23/08/2026 18:21:48.176,pill organiser,100,4,4.0000%,1.42,0,0.00,0,,0.0000%,0.00000,0,0.00,0,,0.0000%,0.00000,0,0.00,0,,,,,,,,,
GBP,"Aug 14, 2026 - Aug 21, 2026","=""amzn1.ads-account.g.bndxei4mkwqg3my9vzcfqfvgh""",Dgr8cali Stores,-1,No Portfolio,"=""97105648594138""",AD_READY: B0H9ZKYYHZ,"=""128782344561021""",Ad group - 10/08/2026 23:00:00.896,weekly pill organiser,28,1,3.5714%,0.49,0,0.00,0,,0.0000%,0.00000,0,0.00,0,,0.0000%,0.00000,0,0.00,0,,,,,,,,,
GBP,"Aug 14, 2026 - Aug 20, 2026","=""amzn1.ads-account.g.bndxei4mkwqg3my9vzcfqfvgh""",Dgr8cali Stores,-1,No Portfolio,"=""97105648594138""",AD_READY: B0H9ZKYYHZ,"=""128782344561021""",Ad group - 10/08/2026 23:00:00.896,three times a day pill box organiser,8,1,12.5000%,0.77,0,0.00,0,,0.0000%,0.00000,0,0.00,0,,0.0000%,0.00000,0,0.00,0,,,,,,,,,
GBP,"Aug 21, 2026 - Aug 21, 2026","=""amzn1.ads-account.g.bndxei4mkwqg3my9vzcfqfvgh""",Dgr8cali Stores,-1,No Portfolio,"=""97105648594138""",AD_READY: B0H9ZKYYHZ,"=""128782344561021""",Ad group - 10/08/2026 23:00:00.896,3 part pill box,1,1,100.0000%,0.45,0,0.00,0,,0.0000%,0.00000,0,0.00,0,,0.0000%,0.00000,0,0.00,0,,,,,,,,,
GBP,"Aug 17, 2026 - Aug 17, 2026","=""amzn1.ads-account.g.bndxei4mkwqg3my9vzcfqfvgh""",Dgr8cali Stores,-1,No Portfolio,"=""97105648594138""",AD_READY: B0H9ZKYYHZ,"=""128782344561021""",Ad group - 10/08/2026 23:00:00.896,7 day x5 pull organiser,1,1,100.0000%,0.52,0,0.00,0,,0.0000%,0.00000,0,0.00,0,,0.0000%,0.00000,0,0.00,0,,,,,,,,,
GBP,"Aug 14, 2026 - Aug 22, 2026","=""amzn1.ads-account.g.bndxei4mkwqg3my9vzcfqfvgh""",Dgr8cali Stores,-1,No Portfolio,"=""97105648594138""",AD_READY: B0H9ZKYYHZ,"=""128782344561021""",Ad group - 10/08/2026 23:00:00.896,vitamin box organiser 7 days,5,1,20.0000%,0.53,0,0.00,0,,0.0000%,0.00000,0,0.00,0,,0.0000%,0.00000,0,0.00,0,,,,,,,,,
GBP,"Aug 23, 2026 - Sep 13, 2026","=""amzn1.ads-account.g.bndxei4mkwqg3my9vzcfqfvgh""",Dgr8cali Stores,-1,No Portfolio,"=""73527101425940""",PILL EXACT HERO,"=""100760527399887""",Ad group - 23/08/2026 18:21:48.176,pill organiser 3 times a day,3363,29,0.8623%,19.81,2,17.98,2,9.90500,0.0595%,0.90762,2,17.98,2,9.90500,0.0595%,0.90762,0,0.00,0,,,,,,,,,
GBP,"Aug 15, 2026 - Aug 15, 2026","=""amzn1.ads-account.g.bndxei4mkwqg3my9vzcfqfvgh""",Dgr8cali Stores,-1,No Portfolio,"=""97105648594138""",AD_READY: B0H9ZKYYHZ,"=""128782344561021""",Ad group - 10/08/2026 23:00:00.896,28 day pill box organiser am pm,1,1,100.0000%,0.61,0,0.00,0,,0.0000%,0.00000,0,0.00,0,,0.0000%,0.00000,0,0.00,0,,,,,,,,,
GBP,"Sep 11, 2026 - Sep 11, 2026","=""amzn1.ads-account.g.bndxei4mkwqg3my9vzcfqfvgh""",Dgr8cali Stores,-1,No Portfolio,"=""133423243093838""",PILL BROAD RESEARCH,"=""127428653613930""",Ad group - 23/08/2026 18:10:46.641,pill organiser big writing,1,1,100.0000%,0.29,0,0.00,0,,0.0000%,0.00000,0,0.00,0,,0.0000%,0.00000,0,0.00,0,,,,,,,,,
GBP,"Aug 14, 2026 - Aug 20, 2026","=""amzn1.ads-account.g.bndxei4mkwqg3my9vzcfqfvgh""",Dgr8cali Stores,-1,No Portfolio,"=""97105648594138""",AD_READY: B0H9ZKYYHZ,"=""128782344561021""",Ad group - 10/08/2026 23:00:00.896,pill boxes 3 times a day,7,1,14.2857%,0.54,1,8.99,1,0.54000,14.2857%,16.64815,1,8.99,1,0.54000,14.2857%,16.64815,0,0.00,0,,,,,,,,,
GBP,"Aug 20, 2026 - Aug 20, 2026","=""amzn1.ads-account.g.bndxei4mkwqg3my9vzcfqfvgh""",Dgr8cali Stores,-1,No Portfolio,"=""97105648594138""",AD_READY: B0H9ZKYYHZ,"=""128782344561021""",Ad group - 10/08/2026 23:00:00.896,colour coded pill organiser large print,1,1,100.0000%,0.67,0,0.00,0,,0.0000%,0.00000,0,0.00,0,,0.0000%,0.00000,0,0.00,0,,,,,,,,,
GBP,"Aug 19, 2026 - Aug 19, 2026","=""amzn1.ads-account.g.bndxei4mkwqg3my9vzcfqfvgh""",Dgr8cali Stores,-1,No Portfolio,"=""97105648594138""",AD_READY: B0H9ZKYYHZ,"=""128782344561021""",Ad group - 10/08/2026 23:00:00.896,round tablet organiser 3 times a day,3,1,33.3333%,0.53,0,0.00,0,,0.0000%,0.00000,0,0.00,0,,0.0000%,0.00000,0,0.00,0,,,,,,,,,
GBP,"Aug 23, 2026 - Sep 13, 2026","=""amzn1.ads-account.g.bndxei4mkwqg3my9vzcfqfvgh""",Dgr8cali Stores,-1,No Portfolio,"=""133423243093838""",PILL BROAD RESEARCH,"=""127428653613930""",Ad group - 23/08/2026 18:10:46.641,pill box 3 times a day,22,1,4.5455%,0.31,0,0.00,0,,0.0000%,0.00000,0,0.00,0,,0.0000%,0.00000,0,0.00,0,,,,,,,,,
GBP,"Aug 14, 2026 - Aug 23, 2026","=""amzn1.ads-account.g.bndxei4mkwqg3my9vzcfqfvgh""",Dgr8cali Stores,-1,No Portfolio,"=""97105648594138""",AD_READY: B0H9ZKYYHZ,"=""128782344561021""",Ad group - 10/08/2026 23:00:00.896,pill organiser,6921,23,0.3323%,12.76,0,0.00,0,,0.0000%,0.00000,0,0.00,0,,0.0000%,0.00000,0,0.00,0,,,,,,,,,
GBP,"Aug 14, 2026 - Aug 20, 2026","=""amzn1.ads-account.g.bndxei4mkwqg3my9vzcfqfvgh""",Dgr8cali Stores,-1,No Portfolio,"=""97105648594138""",AD_READY: B0H9ZKYYHZ,"=""128782344561021""",Ad group - 10/08/2026 23:00:00.896,day and night pill box,102,1,0.9804%,0.67,0,0.00,0,,0.0000%,0.00000,0,0.00,0,,0.0000%,0.00000,0,0.00,0,,,,,,,,,
GBP,"Aug 24, 2026 - Sep 12, 2026","=""amzn1.ads-account.g.bndxei4mkwqg3my9vzcfqfvgh""",Dgr8cali Stores,-1,No Portfolio,"=""133423243093838""",PILL BROAD RESEARCH,"=""127428653613930""",Ad group - 23/08/2026 18:10:46.641,tablet organiser,80,1,1.2500%,0.24,0,0.00,0,,0.0000%,0.00000,0,0.00,0,,0.0000%,0.00000,0,0.00,0,,,,,,,,,
GBP,"Aug 18, 2026 - Aug 20, 2026","=""amzn1.ads-account.g.bndxei4mkwqg3my9vzcfqfvgh""",Dgr8cali Stores,-1,No Portfolio,"=""97105648594138""",AD_READY: B0H9ZKYYHZ,"=""128782344561021""",Ad group - 10/08/2026 23:00:00.896,xxl pill box,2,1,50.0000%,0.45,0,0.00,0,,0.0000%,0.00000,0,0.00,0,,0.0000%,0.00000,0,0.00,0,,,,,,,,,
GBP,"Aug 17, 2026 - Aug 17, 2026","=""amzn1.ads-account.g.bndxei4mkwqg3my9vzcfqfvgh""",Dgr8cali Stores,-1,No Portfolio,"=""97105648594138""",AD_READY: B0H9ZKYYHZ,"=""128782344561021""",Ad group - 10/08/2026 23:00:00.896,"6 times a day, 7 day pill box",1,1,100.0000%,0.54,0,0.00,0,,0.0000%,0.00000,0,0.00,0,,0.0000%,0.00000,0,0.00,0,,,,,,,,,
GBP,"Aug 17, 2026 - Aug 17, 2026","=""amzn1.ads-account.g.bndxei4mkwqg3my9vzcfqfvgh""",Dgr8cali Stores,-1,No Portfolio,"=""97105648594138""",AD_READY: B0H9ZKYYHZ,"=""128782344561021""",Ad group - 10/08/2026 23:00:00.896,large compartment monthly pill box,2,1,50.0000%,0.57,0,0.00,0,,0.0000%,0.00000,0,0.00,0,,0.0000%,0.00000,0,0.00,0,,,,,,,,,
GBP,"Aug 15, 2026 - Aug 15, 2026","=""amzn1.ads-account.g.bndxei4mkwqg3my9vzcfqfvgh""",Dgr8cali Stores,-1,No Portfolio,"=""97105648594138""",AD_READY: B0H9ZKYYHZ,"=""128782344561021""",Ad group - 10/08/2026 23:00:00.896,pill box 3 compartment medicine pill case,1,1,100.0000%,0.39,0,0.00,0,,0.0000%,0.00000,0,0.00,0,,0.0000%,0.00000,0,0.00,0,,,,,,,,,
GBP,"Aug 14, 2026 - Aug 14, 2026","=""amzn1.ads-account.g.bndxei4mkwqg3my9vzcfqfvgh""",Dgr8cali Stores,-1,No Portfolio,"=""97105648594138""",AD_READY: B0H9ZKYYHZ,"=""128782344561021""",Ad group - 10/08/2026 23:00:00.896,pill organiser 7 day 2 times a day,2,1,50.0000%,0.52,1,8.99,1,0.52000,50.0000%,17.28846,1,8.99,1,0.52000,50.0000%,17.28846,0,0.00,0,,,,,,,,,
GBP,"Sep 10, 2026 - Sep 10, 2026","=""amzn1.ads-account.g.bndxei4mkwqg3my9vzcfqfvgh""",Dgr8cali Stores,-1,No Portfolio,"=""133423243093838""",PILL BROAD RESEARCH,"=""127428653613930""",Ad group - 23/08/2026 18:10:46.641,3 times a day pill organiser 7 day,1,1,100.0000%,0.32,0,0.00,0,,0.0000%,0.00000,0,0.00,0,,0.0000%,0.00000,0,0.00,0,,,,,,,,,
GBP,"Aug 16, 2026 - Aug 16, 2026","=""amzn1.ads-account.g.bndxei4mkwqg3my9vzcfqfvgh""",Dgr8cali Stores,-1,No Portfolio,"=""97105648594138""",AD_READY: B0H9ZKYYHZ,"=""128782344561021""",Ad group - 10/08/2026 23:00:00.896,push button pill box,1,1,100.0000%,0.43,0,0.00,0,,0.0000%,0.00000,0,0.00,0,,0.0000%,0.00000,0,0.00,0,,,,,,,,,
GBP,"Aug 14, 2026 - Aug 23, 2026","=""amzn1.ads-account.g.bndxei4mkwqg3my9vzcfqfvgh""",Dgr8cali Stores,-1,No Portfolio,"=""97105648594138""",AD_READY: B0H9ZKYYHZ,"=""128782344561021""",Ad group - 10/08/2026 23:00:00.896,pill boxes 7 day 3 times a day,370,1,0.2703%,0.46,0,0.00,0,,0.0000%,0.00000,0,0.00,0,,0.0000%,0.00000,0,0.00,0,,,,,,,,,
GBP,"Aug 17, 2026 - Aug 17, 2026","=""amzn1.ads-account.g.bndxei4mkwqg3my9vzcfqfvgh""",Dgr8cali Stores,-1,No Portfolio,"=""97105648594138""",AD_READY: B0H9ZKYYHZ,"=""128782344561021""",Ad group - 10/08/2026 23:00:00.896,tablet organiser 28 day,1,1,100.0000%,0.55,0,0.00,0,,0.0000%,0.00000,0,0.00,0,,0.0000%,0.00000,0,0.00,0,,,,,,,,,
GBP,"Aug 22, 2026 - Aug 22, 2026","=""amzn1.ads-account.g.bndxei4mkwqg3my9vzcfqfvgh""",Dgr8cali Stores,-1,No Portfolio,"=""97105648594138""",AD_READY: B0H9ZKYYHZ,"=""128782344561021""",Ad group - 10/08/2026 23:00:00.896,hourly pill box 6 times a day,1,1,100.0000%,0.61,0,0.00,0,,0.0000%,0.00000,0,0.00,0,,0.0000%,0.00000,0,0.00,0,,,,,,,,,
GBP,"Aug 14, 2026 - Aug 15, 2026","=""amzn1.ads-account.g.bndxei4mkwqg3my9vzcfqfvgh""",Dgr8cali Stores,-1,No Portfolio,"=""97105648594138""",AD_READY: B0H9ZKYYHZ,"=""128782344561021""",Ad group - 10/08/2026 23:00:00.896,4 weeks pill box organiser am & pm,9,1,11.1111%,0.61,0,0.00,0,,0.0000%,0.00000,0,0.00,0,,0.0000%,0.00000,0,0.00,0,,,,,,,,,
GBP,"Sep 10, 2026 - Sep 10, 2026","=""amzn1.ads-account.g.bndxei4mkwqg3my9vzcfqfvgh""",Dgr8cali Stores,-1,No Portfolio,"=""133423243093838""",PILL BROAD RESEARCH,"=""127428653613930""",Ad group - 23/08/2026 18:10:46.641,pill box morning and night,1,1,100.0000%,0.30,0,0.00,0,,0.0000%,0.00000,0,0.00,0,,0.0000%,0.00000,0,0.00,0,,,,,,,,,
GBP,"Aug 14, 2026 - Aug 20, 2026","=""amzn1.ads-account.g.bndxei4mkwqg3my9vzcfqfvgh""",Dgr8cali Stores,-1,No Portfolio,"=""97105648594138""",AD_READY: B0H9ZKYYHZ,"=""128782344561021""",Ad group - 10/08/2026 23:00:00.896,seven day pill box organiser,7,1,14.2857%,0.58,0,0.00,0,,0.0000%,0.00000,0,0.00,0,,0.0000%,0.00000,0,0.00,0,,,,,,,,,
GBP,"Aug 15, 2026 - Aug 15, 2026","=""amzn1.ads-account.g.bndxei4mkwqg3my9vzcfqfvgh""",Dgr8cali Stores,-1,No Portfolio,"=""97105648594138""",AD_READY: B0H9ZKYYHZ,"=""128782344561021""",Ad group - 10/08/2026 23:00:00.896,7 slot pill box 3 times a day,3,1,33.3333%,0.66,0,0.00,0,,0.0000%,0.00000,0,0.00,0,,0.0000%,0.00000,0,0.00,0,,,,,,,,,
GBP,"Aug 19, 2026 - Aug 19, 2026","=""amzn1.ads-account.g.bndxei4mkwqg3my9vzcfqfvgh""",Dgr8cali Stores,-1,No Portfolio,"=""97105648594138""",AD_READY: B0H9ZKYYHZ,"=""128782344561021""",Ad group - 10/08/2026 23:00:00.896,meds organiser 5x a day,1,1,100.0000%,0.54,0,0.00,0,,0.0000%,0.00000,0,0.00,0,,0.0000%,0.00000,0,0.00,0,,,,,,,,,
GBP,"Aug 14, 2026 - Aug 23, 2026","=""amzn1.ads-account.g.bndxei4mkwqg3my9vzcfqfvgh""",Dgr8cali Stores,-1,No Portfolio,"=""97105648594138""",AD_READY: B0H9ZKYYHZ,"=""128782344561021""",Ad group - 10/08/2026 23:00:00.896,dossett pill box 7 day 3 compartments,33,2,6.0606%,1.08,0,0.00,0,,0.0000%,0.00000,0,0.00,0,,0.0000%,0.00000,0,0.00,0,,,,,,,,,
GBP,"Aug 14, 2026 - Aug 23, 2026","=""amzn1.ads-account.g.bndxei4mkwqg3my9vzcfqfvgh""",Dgr8cali Stores,-1,No Portfolio,"=""97105648594138""",AD_READY: B0H9ZKYYHZ,"=""128782344561021""",Ad group - 10/08/2026 23:00:00.896,7 day pill box organiser,618,4,0.6472%,1.87,0,0.00,0,,0.0000%,0.00000,0,0.00,0,,0.0000%,0.00000,0,0.00,0,,,,,,,,,
GBP,"Aug 15, 2026 - Aug 15, 2026","=""amzn1.ads-account.g.bndxei4mkwqg3my9vzcfqfvgh""",Dgr8cali Stores,-1,No Portfolio,"=""97105648594138""",AD_READY: B0H9ZKYYHZ,"=""128782344561021""",Ad group - 10/08/2026 23:00:00.896,7 day pill box stack organiser,3,1,33.3333%,0.57,0,0.00,0,,0.0000%,0.00000,0,0.00,0,,0.0000%,0.00000,0,0.00,0,,,,,,,,,
GBP,"Aug 15, 2026 - Aug 15, 2026","=""amzn1.ads-account.g.bndxei4mkwqg3my9vzcfqfvgh""",Dgr8cali Stores,-1,No Portfolio,"=""97105648594138""",AD_READY: B0H9ZKYYHZ,"=""128782344561021""",Ad group - 10/08/2026 23:00:00.896,daily pill organiser 7 day,2,1,50.0000%,0.61,0,0.00,0,,0.0000%,0.00000,0,0.00,0,,0.0000%,0.00000,0,0.00,0,,,,,,,,,
GBP,"Aug 15, 2026 - Aug 17, 2026","=""amzn1.ads-account.g.bndxei4mkwqg3my9vzcfqfvgh""",Dgr8cali Stores,-1,No Portfolio,"=""97105648594138""",AD_READY: B0H9ZKYYHZ,"=""128782344561021""",Ad group - 10/08/2026 23:00:00.896,coloured pill box 7 days,3,1,33.3333%,0.54,1,8.99,1,0.54000,33.3333%,16.64815,1,8.99,1,0.54000,33.3333%,16.64815,0,0.00,0,,,,,,,,,
GBP,"Aug 29, 2026 - Aug 29, 2026","=""amzn1.ads-account.g.bndxei4mkwqg3my9vzcfqfvgh""",Dgr8cali Stores,-1,No Portfolio,"=""275256283859083""",PILL AUTO DISCOVERY,"=""408808056277315""",Ad group - 23/08/2026 17:53:52.392,pill dosing box with 3 compartments,1,1,100.0000%,0.24,0,0.00,0,,0.0000%,0.00000,0,0.00,0,,0.0000%,0.00000,0,0.00,0,,,,,,,,,
GBP,"Aug 15, 2026 - Aug 21, 2026","=""amzn1.ads-account.g.bndxei4mkwqg3my9vzcfqfvgh""",Dgr8cali Stores,-1,No Portfolio,"=""97105648594138""",AD_READY: B0H9ZKYYHZ,"=""128782344561021""",Ad group - 10/08/2026 23:00:00.896,7 day pill box organiser 3 times a day,8,1,12.5000%,0.74,0,0.00,0,,0.0000%,0.00000,0,0.00,0,,0.0000%,0.00000,0,0.00,0,,,,,,,,,
GBP,"Aug 16, 2026 - Aug 16, 2026","=""amzn1.ads-account.g.bndxei4mkwqg3my9vzcfqfvgh""",Dgr8cali Stores,-1,No Portfolio,"=""97105648594138""",AD_READY: B0H9ZKYYHZ,"=""128782344561021""",Ad group - 10/08/2026 23:00:00.896,monthly pill box organiser easy open,2,1,50.0000%,0.61,0,0.00,0,,0.0000%,0.00000,0,0.00,0,,0.0000%,0.00000,0,0.00,0,,,,,,,,,
GBP,"Aug 17, 2026 - Aug 17, 2026","=""amzn1.ads-account.g.bndxei4mkwqg3my9vzcfqfvgh""",Dgr8cali Stores,-1,No Portfolio,"=""97105648594138""",AD_READY: B0H9ZKYYHZ,"=""128782344561021""",Ad group - 10/08/2026 23:00:00.896,small pill box for three times a day,2,1,50.0000%,0.74,0,0.00,0,,0.0000%,0.00000,0,0.00,0,,0.0000%,0.00000,0,0.00,0,,,,,,,,,
GBP,"Aug 16, 2026 - Aug 18, 2026","=""amzn1.ads-account.g.bndxei4mkwqg3my9vzcfqfvgh""",Dgr8cali Stores,-1,No Portfolio,"=""97105648594138""",AD_READY: B0H9ZKYYHZ,"=""128782344561021""",Ad group - 10/08/2026 23:00:00.896,pill organiser 3 times a day small,5,1,20.0000%,0.61,0,0.00,0,,0.0000%,0.00000,0,0.00,0,,0.0000%,0.00000,0,0.00,0,,,,,,,,,
GBP,"Aug 17, 2026 - Aug 17, 2026","=""amzn1.ads-account.g.bndxei4mkwqg3my9vzcfqfvgh""",Dgr8cali Stores,-1,No Portfolio,"=""97105648594138""",AD_READY: B0H9ZKYYHZ,"=""128782344561021""",Ad group - 10/08/2026 23:00:00.896,pill box weekly 2x day,1,1,100.0000%,0.55,0,0.00,0,,0.0000%,0.00000,0,0.00,0,,0.0000%,0.00000,0,0.00,0,,,,,,,,,
GBP,"Aug 20, 2026 - Aug 20, 2026","=""amzn1.ads-account.g.bndxei4mkwqg3my9vzcfqfvgh""",Dgr8cali Stores,-1,No Portfolio,"=""97105648594138""",AD_READY: B0H9ZKYYHZ,"=""128782344561021""",Ad group - 10/08/2026 23:00:00.896,large capacity pill box 7 day,1,1,100.0000%,0.67,0,0.00,0,,0.0000%,0.00000,0,0.00,0,,0.0000%,0.00000,0,0.00,0,,,,,,,,,
GBP,"Aug 14, 2026 - Aug 17, 2026","=""amzn1.ads-account.g.bndxei4mkwqg3my9vzcfqfvgh""",Dgr8cali Stores,-1,No Portfolio,"=""97105648594138""",AD_READY: B0H9ZKYYHZ,"=""128782344561021""",Ad group - 10/08/2026 23:00:00.896,monthly pill box organiser,253,2,0.7905%,1.10,0,0.00,0,,0.0000%,0.00000,0,0.00,0,,0.0000%,0.00000,0,0.00,0,,,,,,,,,
GBP,"Aug 28, 2026 - Aug 28, 2026","=""amzn1.ads-account.g.bndxei4mkwqg3my9vzcfqfvgh""",Dgr8cali Stores,-1,No Portfolio,"=""133423243093838""",PILL BROAD RESEARCH,"=""127428653613930""",Ad group - 23/08/2026 18:10:46.641,large capacity pill organiser 3 times a day,1,1,100.0000%,0.30,0,0.00,0,,0.0000%,0.00000,0,0.00,0,,0.0000%,0.00000,0,0.00,0,,,,,,,,,
GBP,"Aug 15, 2026 - Aug 20, 2026","=""amzn1.ads-account.g.bndxei4mkwqg3my9vzcfqfvgh""",Dgr8cali Stores,-1,No Portfolio,"=""97105648594138""",AD_READY: B0H9ZKYYHZ,"=""128782344561021""",Ad group - 10/08/2026 23:00:00.896,large pill box organiser,159,1,0.6289%,0.67,0,0.00,0,,0.0000%,0.00000,0,0.00,0,,0.0000%,0.00000,0,0.00,0,,,,,,,,,
GBP,"Aug 15, 2026 - Aug 22, 2026","=""amzn1.ads-account.g.bndxei4mkwqg3my9vzcfqfvgh""",Dgr8cali Stores,-1,No Portfolio,"=""97105648594138""",AD_READY: B0H9ZKYYHZ,"=""128782344561021""",Ad group - 10/08/2026 23:00:00.896,medication organizer,3099,8,0.2581%,4.94,1,8.99,1,4.94000,0.0323%,1.81984,1,8.99,1,4.94000,0.0323%,1.81984,0,0.00,0,,,,,,,,,
GBP,"Aug 15, 2026 - Aug 15, 2026","=""amzn1.ads-account.g.bndxei4mkwqg3my9vzcfqfvgh""",Dgr8cali Stores,-1,No Portfolio,"=""97105648594138""",AD_READY: B0H9ZKYYHZ,"=""128782344561021""",Ad group - 10/08/2026 23:00:00.896,pill organiser 21 days,3,1,33.3333%,0.61,0,0.00,0,,0.0000%,0.00000,0,0.00,0,,0.0000%,0.00000,0,0.00,0,,,,,,,,,
GBP,"Aug 28, 2026 - Sep 04, 2026","=""amzn1.ads-account.g.bndxei4mkwqg3my9vzcfqfvgh""",Dgr8cali Stores,-1,No Portfolio,"=""133423243093838""",PILL BROAD RESEARCH,"=""127428653613930""",Ad group - 23/08/2026 18:10:46.641,3 times a day pill organizer,3,1,33.3333%,0.30,0,0.00,0,,0.0000%,0.00000,0,0.00,0,,0.0000%,0.00000,0,0.00,0,,,,,,,,,
GBP,"Aug 18, 2026 - Aug 18, 2026","=""amzn1.ads-account.g.bndxei4mkwqg3my9vzcfqfvgh""",Dgr8cali Stores,-1,No Portfolio,"=""97105648594138""",AD_READY: B0H9ZKYYHZ,"=""128782344561021""",Ad group - 10/08/2026 23:00:00.896,7 day large pill organiser,1,1,100.0000%,0.66,0,0.00,0,,0.0000%,0.00000,0,0.00,0,,0.0000%,0.00000,0,0.00,0,,,,,,,,,
GBP,"Aug 14, 2026 - Aug 23, 2026","=""amzn1.ads-account.g.bndxei4mkwqg3my9vzcfqfvgh""",Dgr8cali Stores,-1,No Portfolio,"=""97105648594138""",AD_READY: B0H9ZKYYHZ,"=""128782344561021""",Ad group - 10/08/2026 23:00:00.896,7 day pill box,11,1,9.0909%,0.61,0,0.00,0,,0.0000%,0.00000,0,0.00,0,,0.0000%,0.00000,0,0.00,0,,,,,,,,,
GBP,"Aug 14, 2026 - Aug 17, 2026","=""amzn1.ads-account.g.bndxei4mkwqg3my9vzcfqfvgh""",Dgr8cali Stores,-1,No Portfolio,"=""97105648594138""",AD_READY: B0H9ZKYYHZ,"=""128782344561021""",Ad group - 10/08/2026 23:00:00.896,weekly pill organiser am pm,58,1,1.7241%,0.80,0,0.00,0,,0.0000%,0.00000,0,0.00,0,,0.0000%,0.00000,0,0.00,0,,,,,,,,,
GBP,"Aug 16, 2026 - Aug 16, 2026","=""amzn1.ads-account.g.bndxei4mkwqg3my9vzcfqfvgh""",Dgr8cali Stores,-1,No Portfolio,"=""97105648594138""",AD_READY: B0H9ZKYYHZ,"=""128782344561021""",Ad group - 10/08/2026 23:00:00.896,dossett pill box 7 day morning afternoon evening,1,1,100.0000%,0.71,0,0.00,0,,0.0000%,0.00000,0,0.00,0,,0.0000%,0.00000,0,0.00,0,,,,,,,,,
GBP,"Aug 17, 2026 - Aug 17, 2026","=""amzn1.ads-account.g.bndxei4mkwqg3my9vzcfqfvgh""",Dgr8cali Stores,-1,No Portfolio,"=""97105648594138""",AD_READY: B0H9ZKYYHZ,"=""128782344561021""",Ad group - 10/08/2026 23:00:00.896,large print pill box 3 x day,4,1,25.0000%,0.67,0,0.00,0,,0.0000%,0.00000,0,0.00,0,,0.0000%,0.00000,0,0.00,0,,,,,,,,,
GBP,"Aug 18, 2026 - Aug 18, 2026","=""amzn1.ads-account.g.bndxei4mkwqg3my9vzcfqfvgh""",Dgr8cali Stores,-1,No Portfolio,"=""97105648594138""",AD_READY: B0H9ZKYYHZ,"=""128782344561021""",Ad group - 10/08/2026 23:00:00.896,"pill box organiser morning, evening and night",1,1,100.0000%,0.45,1,17.98,2,0.45000,100.0000%,39.95556,1,17.98,2,0.45000,100.0000%,39.95556,0,0.00,0,,,,,,,,,
GBP,"Aug 14, 2026 - Aug 23, 2026","=""amzn1.ads-account.g.bndxei4mkwqg3my9vzcfqfvgh""",Dgr8cali Stores,-1,No Portfolio,"=""97105648594138""",AD_READY: B0H9ZKYYHZ,"=""128782344561021""",Ad group - 10/08/2026 23:00:00.896,weekly pill box,201,1,0.4975%,0.67,0,0.00,0,,0.0000%,0.00000,0,0.00,0,,0.0000%,0.00000,0,0.00,0,,,,,,,,,
GBP,"Aug 14, 2026 - Aug 23, 2026","=""amzn1.ads-account.g.bndxei4mkwqg3my9vzcfqfvgh""",Dgr8cali Stores,-1,No Portfolio,"=""97105648594138""",AD_READY: B0H9ZKYYHZ,"=""128782344561021""",Ad group - 10/08/2026 23:00:00.896,pill organiser 3 times a day,289,5,1.7301%,2.47,0,0.00,0,,0.0000%,0.00000,0,0.00,0,,0.0000%,0.00000,0,0.00,0,,,,,,,,,
GBP,"Aug 17, 2026 - Aug 17, 2026","=""amzn1.ads-account.g.bndxei4mkwqg3my9vzcfqfvgh""",Dgr8cali Stores,-1,No Portfolio,"=""97105648594138""",AD_READY: B0H9ZKYYHZ,"=""128782344561021""",Ad group - 10/08/2026 23:00:00.896,sliding pill organiser,1,1,100.0000%,0.60,0,0.00,0,,0.0000%,0.00000,0,0.00,0,,0.0000%,0.00000,0,0.00,0,,,,,,,,,
GBP,"Aug 16, 2026 - Aug 20, 2026","=""amzn1.ads-account.g.bndxei4mkwqg3my9vzcfqfvgh""",Dgr8cali Stores,-1,No Portfolio,"=""97105648594138""",AD_READY: B0H9ZKYYHZ,"=""128782344561021""",Ad group - 10/08/2026 23:00:00.896,large pill box organiser 3 times a day,6,1,16.6667%,0.84,0,0.00,0,,0.0000%,0.00000,0,0.00,0,,0.0000%,0.00000,0,0.00,0,,,,,,,,,
GBP,"Aug 15, 2026 - Aug 15, 2026","=""amzn1.ads-account.g.bndxei4mkwqg3my9vzcfqfvgh""",Dgr8cali Stores,-1,No Portfolio,"=""97105648594138""",AD_READY: B0H9ZKYYHZ,"=""128782344561021""",Ad group - 10/08/2026 23:00:00.896,pill organiser 30 day,1,1,100.0000%,0.61,1,8.99,1,0.61000,100.0000%,14.73771,1,8.99,1,0.61000,100.0000%,14.73771,0,0.00,0,,,,,,,,,
GBP,"Aug 14, 2026 - Aug 16, 2026","=""amzn1.ads-account.g.bndxei4mkwqg3my9vzcfqfvgh""",Dgr8cali Stores,-1,No Portfolio,"=""97105648594138""",AD_READY: B0H9ZKYYHZ,"=""128782344561021""",Ad group - 10/08/2026 23:00:00.896,31 day pill box,4,1,25.0000%,0.37,0,0.00,0,,0.0000%,0.00000,0,0.00,0,,0.0000%,0.00000,0,0.00,0,,,,,,,,,
GBP,"Aug 15, 2026 - Aug 17, 2026","=""amzn1.ads-account.g.bndxei4mkwqg3my9vzcfqfvgh""",Dgr8cali Stores,-1,No Portfolio,"=""97105648594138""",AD_READY: B0H9ZKYYHZ,"=""128782344561021""",Ad group - 10/08/2026 23:00:00.896,tablet organiser 4 times a day,63,1,1.5873%,0.47,0,0.00,0,,0.0000%,0.00000,0,0.00,0,,0.0000%,0.00000,0,0.00,0,,,,,,,,,
GBP,"Aug 17, 2026 - Aug 17, 2026","=""amzn1.ads-account.g.bndxei4mkwqg3my9vzcfqfvgh""",Dgr8cali Stores,-1,No Portfolio,"=""97105648594138""",AD_READY: B0H9ZKYYHZ,"=""128782344561021""",Ad group - 10/08/2026 23:00:00.896,large compartment weekly pill box,3,1,33.3333%,0.65,0,0.00,0,,0.0000%,0.00000,0,0.00,0,,0.0000%,0.00000,0,0.00,0,,,,,,,,,
GBP,"Aug 17, 2026 - Aug 17, 2026","=""amzn1.ads-account.g.bndxei4mkwqg3my9vzcfqfvgh""",Dgr8cali Stores,-1,No Portfolio,"=""97105648594138""",AD_READY: B0H9ZKYYHZ,"=""128782344561021""",Ad group - 10/08/2026 23:00:00.896,wooden tablet organiser three times a day,1,1,100.0000%,0.74,0,0.00,0,,0.0000%,0.00000,0,0.00,0,,0.0000%,0.00000,0,0.00,0,,,,,,,,,
GBP,"Aug 15, 2026 - Aug 21, 2026","=""amzn1.ads-account.g.bndxei4mkwqg3my9vzcfqfvgh""",Dgr8cali Stores,-1,No Portfolio,"=""97105648594138""",AD_READY: B0H9ZKYYHZ,"=""128782344561021""",Ad group - 10/08/2026 23:00:00.896,pill container 7 day,7,1,14.2857%,0.58,0,0.00,0,,0.0000%,0.00000,0,0.00,0,,0.0000%,0.00000,0,0.00,0,,,,,,,,,
GBP,"Aug 28, 2026 - Sep 13, 2026","=""amzn1.ads-account.g.bndxei4mkwqg3my9vzcfqfvgh""",Dgr8cali Stores,-1,No Portfolio,"=""73527101425940""",PILL EXACT HERO,"=""100760527399887""",Ad group - 23/08/2026 18:21:48.176,pill box organiser,17,1,5.8824%,0.40,0,0.00,0,,0.0000%,0.00000,0,0.00,0,,0.0000%,0.00000,0,0.00,0,,,,,,,,,
GBP,"Aug 15, 2026 - Aug 20, 2026","=""amzn1.ads-account.g.bndxei4mkwqg3my9vzcfqfvgh""",Dgr8cali Stores,-1,No Portfolio,"=""97105648594138""",AD_READY: B0H9ZKYYHZ,"=""128782344561021""",Ad group - 10/08/2026 23:00:00.896,travel pill box,102,1,0.9804%,0.45,0,0.00,0,,0.0000%,0.00000,0,0.00,0,,0.0000%,0.00000,0,0.00,0,,,,,,,,,
GBP,"Aug 22, 2026 - Aug 22, 2026","=""amzn1.ads-account.g.bndxei4mkwqg3my9vzcfqfvgh""",Dgr8cali Stores,-1,No Portfolio,"=""97105648594138""",AD_READY: B0H9ZKYYHZ,"=""128782344561021""",Ad group - 10/08/2026 23:00:00.896,xl pill box 3 times a day,5,1,20.0000%,0.54,0,0.00,0,,0.0000%,0.00000,0,0.00,0,,0.0000%,0.00000,0,0.00,0,,,,,,,,,
GBP,"Aug 15, 2026 - Aug 15, 2026","=""amzn1.ads-account.g.bndxei4mkwqg3my9vzcfqfvgh""",Dgr8cali Stores,-1,No Portfolio,"=""97105648594138""",AD_READY: B0H9ZKYYHZ,"=""128782344561021""",Ad group - 10/08/2026 23:00:00.896,pill box with fourteen compartments,1,1,100.0000%,0.43,0,0.00,0,,0.0000%,0.00000,0,0.00,0,,0.0000%,0.00000,0,0.00,0,,,,,,,,,
GBP,"Aug 22, 2026 - Aug 22, 2026","=""amzn1.ads-account.g.bndxei4mkwqg3my9vzcfqfvgh""",Dgr8cali Stores,-1,No Portfolio,"=""97105648594138""",AD_READY: B0H9ZKYYHZ,"=""128782344561021""",Ad group - 10/08/2026 23:00:00.896,7 day morning noon and night pill box organiser,1,1,100.0000%,0.69,0,0.00,0,,0.0000%,0.00000,0,0.00,0,,0.0000%,0.00000,0,0.00,0,,,,,,,,,
GBP,"Sep 12, 2026 - Sep 12, 2026","=""amzn1.ads-account.g.bndxei4mkwqg3my9vzcfqfvgh""",Dgr8cali Stores,-1,No Portfolio,"=""133423243093838""",PILL BROAD RESEARCH,"=""127428653613930""",Ad group - 23/08/2026 18:10:46.641,family pill organiser,2,1,50.0000%,0.30,0,0.00,0,,0.0000%,0.00000,0,0.00,0,,0.0000%,0.00000,0,0.00,0,,,,,,,,,
GBP,"Aug 14, 2026 - Aug 17, 2026","=""amzn1.ads-account.g.bndxei4mkwqg3my9vzcfqfvgh""",Dgr8cali Stores,-1,No Portfolio,"=""97105648594138""",AD_READY: B0H9ZKYYHZ,"=""128782344561021""",Ad group - 10/08/2026 23:00:00.896,31 day pill box organiser,53,1,1.8868%,0.58,0,0.00,0,,0.0000%,0.00000,0,0.00,0,,0.0000%,0.00000,0,0.00,0,,,,,,,,,
GBP,"Aug 26, 2026 - Sep 13, 2026","=""amzn1.ads-account.g.bndxei4mkwqg3my9vzcfqfvgh""",Dgr8cali Stores,-1,No Portfolio,"=""133423243093838""",PILL BROAD RESEARCH,"=""127428653613930""",Ad group - 23/08/2026 18:10:46.641,large pill box organiser,2,1,50.0000%,0.30,0,0.00,0,,0.0000%,0.00000,0,0.00,0,,0.0000%,0.00000,0,0.00,0,,,,,,,,,
GBP,"Aug 17, 2026 - Aug 19, 2026","=""amzn1.ads-account.g.bndxei4mkwqg3my9vzcfqfvgh""",Dgr8cali Stores,-1,No Portfolio,"=""97105648594138""",AD_READY: B0H9ZKYYHZ,"=""128782344561021""",Ad group - 10/08/2026 23:00:00.896,three times a day pill box,9,2,22.2222%,0.95,0,0.00,0,,0.0000%,0.00000,0,0.00,0,,0.0000%,0.00000,0,0.00,0,,,,,,,,,
GBP,"Aug 15, 2026 - Aug 15, 2026","=""amzn1.ads-account.g.bndxei4mkwqg3my9vzcfqfvgh""",Dgr8cali Stores,-1,No Portfolio,"=""97105648594138""",AD_READY: B0H9ZKYYHZ,"=""128782344561021""",Ad group - 10/08/2026 23:00:00.896,pill boxes month 1 times a day,1,1,100.0000%,0.52,0,0.00,0,,0.0000%,0.00000,0,0.00,0,,0.0000%,0.00000,0,0.00,0,,,,,,,,,
GBP,"Aug 12, 2026 - Aug 15, 2026","=""amzn1.ads-account.g.bndxei4mkwqg3my9vzcfqfvgh""",Dgr8cali Stores,-1,No Portfolio,"=""259121294523137""",Pill Box AD_READY: B0H9ZKYYHZ,"=""280862958277825""",Ad group - 11/08/2026 09:03:33.566,pill boxes 7 day 3 times a day,10,1,10.0000%,0.24,0,0.00,0,,0.0000%,0.00000,0,0.00,0,,0.0000%,0.00000,0,0.00,0,,,,,,,,,
GBP,"Aug 30, 2026 - Aug 30, 2026","=""amzn1.ads-account.g.bndxei4mkwqg3my9vzcfqfvgh""",Dgr8cali Stores,-1,No Portfolio,"=""275256283859083""",PILL AUTO DISCOVERY,"=""408808056277315""",Ad group - 23/08/2026 17:53:52.392,tablet organiser 3 times a day large,1,1,100.0000%,0.18,0,0.00,0,,0.0000%,0.00000,0,0.00,0,,0.0000%,0.00000,0,0.00,0,,,,,,,,,
GBP,"Aug 14, 2026 - Aug 14, 2026","=""amzn1.ads-account.g.bndxei4mkwqg3my9vzcfqfvgh""",Dgr8cali Stores,-1,No Portfolio,"=""97105648594138""",AD_READY: B0H9ZKYYHZ,"=""128782344561021""",Ad group - 10/08/2026 23:00:00.896,pill organiser twice a day 14 day,1,1,100.0000%,0.71,0,0.00,0,,0.0000%,0.00000,0,0.00,0,,0.0000%,0.00000,0,0.00,0,,,,,,,,,
GBP,"Sep 12, 2026 - Sep 12, 2026","=""amzn1.ads-account.g.bndxei4mkwqg3my9vzcfqfvgh""",Dgr8cali Stores,-1,No Portfolio,"=""133423243093838""",PILL BROAD RESEARCH,"=""127428653613930""",Ad group - 23/08/2026 18:10:46.641,family pill organiser for 3 people,1,1,100.0000%,0.30,0,0.00,0,,0.0000%,0.00000,0,0.00,0,,0.0000%,0.00000,0,0.00,0,,,,,,,,,
GBP,"Aug 16, 2026 - Aug 21, 2026","=""amzn1.ads-account.g.bndxei4mkwqg3my9vzcfqfvgh""",Dgr8cali Stores,-1,No Portfolio,"=""97105648594138""",AD_READY: B0H9ZKYYHZ,"=""128782344561021""",Ad group - 10/08/2026 23:00:00.896,pill boxes 7 day 3 times a day small,3,1,33.3333%,0.74,0,0.00,0,,0.0000%,0.00000,0,0.00,0,,0.0000%,0.00000,0,0.00,0,,,,,,,,,
GBP,"Aug 15, 2026 - Aug 22, 2026","=""amzn1.ads-account.g.bndxei4mkwqg3my9vzcfqfvgh""",Dgr8cali Stores,-1,No Portfolio,"=""97105648594138""",AD_READY: B0H9ZKYYHZ,"=""128782344561021""",Ad group - 10/08/2026 23:00:00.896,weekly pill organiser 3 times a day,11,1,9.0909%,0.59,0,0.00,0,,0.0000%,0.00000,0,0.00,0,,0.0000%,0.00000,0,0.00,0,,,,,,,,,
GBP,"Sep 03, 2026 - Sep 03, 2026","=""amzn1.ads-account.g.bndxei4mkwqg3my9vzcfqfvgh""",Dgr8cali Stores,-1,No Portfolio,"=""133423243093838""",PILL BROAD RESEARCH,"=""127428653613930""",Ad group - 23/08/2026 18:10:46.641,pill organiser 3 times a day compact,3,1,33.3333%,0.30,0,0.00,0,,0.0000%,0.00000,0,0.00,0,,0.0000%,0.00000,0,0.00,0,,,,,,,,,
GBP,"Aug 19, 2026 - Aug 19, 2026","=""amzn1.ads-account.g.bndxei4mkwqg3my9vzcfqfvgh""",Dgr8cali Stores,-1,No Portfolio,"=""97105648594138""",AD_READY: B0H9ZKYYHZ,"=""128782344561021""",Ad group - 10/08/2026 23:00:00.896,weekly pill organiser 3 times a day easy open,1,1,100.0000%,0.69,0,0.00,0,,0.0000%,0.00000,0,0.00,0,,0.0000%,0.00000,0,0.00,0,,,,,,,,,
GBP,"Aug 16, 2026 - Aug 16, 2026","=""amzn1.ads-account.g.bndxei4mkwqg3my9vzcfqfvgh""",Dgr8cali Stores,-1,No Portfolio,"=""97105648594138""",AD_READY: B0H9ZKYYHZ,"=""128782344561021""",Ad group - 10/08/2026 23:00:00.896,6 compartment pill box,2,1,50.0000%,0.35,0,0.00,0,,0.0000%,0.00000,0,0.00,0,,0.0000%,0.00000,0,0.00,0,,,,,,,,,
GBP,"Aug 31, 2026 - Sep 13, 2026","=""amzn1.ads-account.g.bndxei4mkwqg3my9vzcfqfvgh""",Dgr8cali Stores,-1,No Portfolio,"=""133423243093838""",PILL BROAD RESEARCH,"=""127428653613930""",Ad group - 23/08/2026 18:10:46.641,pill box,50,1,2.0000%,0.30,0,0.00,0,,0.0000%,0.00000,0,0.00,0,,0.0000%,0.00000,0,0.00,0,,,,,,,,,
GBP,"Aug 23, 2026 - Sep 13, 2026","=""amzn1.ads-account.g.bndxei4mkwqg3my9vzcfqfvgh""",Dgr8cali Stores,-1,No Portfolio,"=""73527101425940""",PILL EXACT HERO,"=""100760527399887""",Ad group - 23/08/2026 18:21:48.176,7 day pill box organiser,1605,9,0.5607%,5.51,1,8.99,1,5.51000,0.0623%,1.63158,1,8.99,1,5.51000,0.0623%,1.63158,0,0.00,0,,,,,,,,,
GBP,"Aug 14, 2026 - Aug 17, 2026","=""amzn1.ads-account.g.bndxei4mkwqg3my9vzcfqfvgh""",Dgr8cali Stores,-1,No Portfolio,"=""97105648594138""",AD_READY: B0H9ZKYYHZ,"=""128782344561021""",Ad group - 10/08/2026 23:00:00.896,pill organiser 5 times a day,30,1,3.3333%,0.53,0,0.00,0,,0.0000%,0.00000,0,0.00,0,,0.0000%,0.00000,0,0.00,0,,,,,,,,,
GBP,"Sep 02, 2026 - Sep 02, 2026","=""amzn1.ads-account.g.bndxei4mkwqg3my9vzcfqfvgh""",Dgr8cali Stores,-1,No Portfolio,"=""133423243093838""",PILL BROAD RESEARCH,"=""127428653613930""",Ad group - 23/08/2026 18:10:46.641,weekly pill organisers 3 times a day smaller,2,1,50.0000%,0.30,0,0.00,0,,0.0000%,0.00000,0,0.00,0,,0.0000%,0.00000,0,0.00,0,,,,,,,,,
GBP,"Sep 02, 2026 - Sep 02, 2026","=""amzn1.ads-account.g.bndxei4mkwqg3my9vzcfqfvgh""",Dgr8cali Stores,-1,No Portfolio,"=""133423243093838""",PILL BROAD RESEARCH,"=""127428653613930""",Ad group - 23/08/2026 18:10:46.641,weekly pill organisers 3 times a day croatian,3,2,66.6667%,0.43,0,0.00,0,,0.0000%,0.00000,0,0.00,0,,0.0000%,0.00000,0,0.00,0,,,,,,,,,
GBP,"Aug 24, 2026 - Sep 12, 2026","=""amzn1.ads-account.g.bndxei4mkwqg3my9vzcfqfvgh""",Dgr8cali Stores,-1,No Portfolio,"=""133423243093838""",PILL BROAD RESEARCH,"=""127428653613930""",Ad group - 23/08/2026 18:10:46.641,medication organizer,21,1,4.7619%,0.30,1,8.99,1,0.30000,4.7619%,29.96667,1,8.99,1,0.30000,4.7619%,29.96667,0,0.00,0,,,,,,,,,
GBP,"Aug 24, 2026 - Sep 12, 2026","=""amzn1.ads-account.g.bndxei4mkwqg3my9vzcfqfvgh""",Dgr8cali Stores,-1,No Portfolio,"=""73527101425940""",PILL EXACT HERO,"=""100760527399887""",Ad group - 23/08/2026 18:21:48.176,pill box,86,2,2.3256%,0.73,0,0.00,0,,0.0000%,0.00000,0,0.00,0,,0.0000%,0.00000,0,0.00,0,,,,,,,,,
GBP,"Sep 09, 2026 - Sep 09, 2026","=""amzn1.ads-account.g.bndxei4mkwqg3my9vzcfqfvgh""",Dgr8cali Stores,-1,No Portfolio,"=""133423243093838""",PILL BROAD RESEARCH,"=""127428653613930""",Ad group - 23/08/2026 18:10:46.641,large compartment pill box,1,1,100.0000%,0.30,0,0.00,0,,0.0000%,0.00000,0,0.00,0,,0.0000%,0.00000,0,0.00,0,,,,,,,,,
GBP,"Aug 30, 2026 - Sep 08, 2026","=""amzn1.ads-account.g.bndxei4mkwqg3my9vzcfqfvgh""",Dgr8cali Stores,-1,No Portfolio,"=""275256283859083""",PILL AUTO DISCOVERY,"=""408808056277315""",Ad group - 23/08/2026 17:53:52.392,pill boxes,2,1,50.0000%,0.27,0,0.00,0,,0.0000%,0.00000,0,0.00,0,,0.0000%,0.00000,0,0.00,0,,,,,,,,,
GBP,"Aug 14, 2026 - Aug 21, 2026","=""amzn1.ads-account.g.bndxei4mkwqg3my9vzcfqfvgh""",Dgr8cali Stores,-1,No Portfolio,"=""97105648594138""",AD_READY: B0H9ZKYYHZ,"=""128782344561021""",Ad group - 10/08/2026 23:00:00.896,pill box organizer,14,1,7.1429%,0.43,0,0.00,0,,0.0000%,0.00000,0,0.00,0,,0.0000%,0.00000,0,0.00,0,,,,,,,,,
GBP,"Aug 14, 2026 - Aug 15, 2026","=""amzn1.ads-account.g.bndxei4mkwqg3my9vzcfqfvgh""",Dgr8cali Stores,-1,No Portfolio,"=""97105648594138""",AD_READY: B0H9ZKYYHZ,"=""128782344561021""",Ad group - 10/08/2026 23:00:00.896,pill box 7 day 5 times a day,4,1,25.0000%,0.54,0,0.00,0,,0.0000%,0.00000,0,0.00,0,,0.0000%,0.00000,0,0.00,0,,,,,,,,,
GBP,"Aug 25, 2026 - Sep 13, 2026","=""amzn1.ads-account.g.bndxei4mkwqg3my9vzcfqfvgh""",Dgr8cali Stores,-1,No Portfolio,"=""275256283859083""",PILL AUTO DISCOVERY,"=""408808056277315""",Ad group - 23/08/2026 17:53:52.392,tablet organiser 3 times a day,10,2,20.0000%,0.48,0,0.00,0,,0.0000%,0.00000,0,0.00,0,,0.0000%,0.00000,0,0.00,0,,,,,,,,,
GBP,"Aug 16, 2026 - Aug 16, 2026","=""amzn1.ads-account.g.bndxei4mkwqg3my9vzcfqfvgh""",Dgr8cali Stores,-1,No Portfolio,"=""97105648594138""",AD_READY: B0H9ZKYYHZ,"=""128782344561021""",Ad group - 10/08/2026 23:00:00.896,medication pill box organiser 14 days,1,1,100.0000%,0.67,0,0.00,0,,0.0000%,0.00000,0,0.00,0,,0.0000%,0.00000,0,0.00,0,,,,,,,,,
GBP,"Aug 17, 2026 - Aug 17, 2026","=""amzn1.ads-account.g.bndxei4mkwqg3my9vzcfqfvgh""",Dgr8cali Stores,-1,No Portfolio,"=""97105648594138""",AD_READY: B0H9ZKYYHZ,"=""128782344561021""",Ad group - 10/08/2026 23:00:00.896,pill box weekly 3 containers per day,1,1,100.0000%,0.74,0,0.00,0,,0.0000%,0.00000,0,0.00,0,,0.0000%,0.00000,0,0.00,0,,,,,,,,,
GBP,"Aug 17, 2026 - Aug 17, 2026","=""amzn1.ads-account.g.bndxei4mkwqg3my9vzcfqfvgh""",Dgr8cali Stores,-1,No Portfolio,"=""97105648594138""",AD_READY: B0H9ZKYYHZ,"=""128782344561021""",Ad group - 10/08/2026 23:00:00.896,pill organiser 4 weeks,6,1,16.6667%,0.60,0,0.00,0,,0.0000%,0.00000,0,0.00,0,,0.0000%,0.00000,0,0.00,0,,,,,,,,,
GBP,"Aug 14, 2026 - Aug 23, 2026","=""amzn1.ads-account.g.bndxei4mkwqg3my9vzcfqfvgh""",Dgr8cali Stores,-1,No Portfolio,"=""97105648594138""",AD_READY: B0H9ZKYYHZ,"=""128782344561021""",Ad group - 10/08/2026 23:00:00.896,pill box organiser,187,2,1.0695%,1.34,1,8.99,1,1.34000,0.5348%,6.70896,1,8.99,1,1.34000,0.5348%,6.70896,0,0.00,0,,,,,,,,,
GBP,"Aug 14, 2026 - Aug 22, 2026","=""amzn1.ads-account.g.bndxei4mkwqg3my9vzcfqfvgh""",Dgr8cali Stores,-1,No Portfolio,"=""97105648594138""",AD_READY: B0H9ZKYYHZ,"=""128782344561021""",Ad group - 10/08/2026 23:00:00.896,medicine organiser 3 times a day,46,1,2.1739%,0.66,0,0.00,0,,0.0000%,0.00000,0,0.00,0,,0.0000%,0.00000,0,0.00,0,,,,,,,,,
GBP,"Aug 15, 2026 - Aug 15, 2026","=""amzn1.ads-account.g.bndxei4mkwqg3my9vzcfqfvgh""",Dgr8cali Stores,-1,No Portfolio,"=""97105648594138""",AD_READY: B0H9ZKYYHZ,"=""128782344561021""",Ad group - 10/08/2026 23:00:00.896,pill boxes 28 day 2 times a day,1,1,100.0000%,0.43,0,0.00,0,,0.0000%,0.00000,0,0.00,0,,0.0000%,0.00000,0,0.00,0,,,,,,,,,
GBP,"Aug 14, 2026 - Aug 23, 2026","=""amzn1.ads-account.g.bndxei4mkwqg3my9vzcfqfvgh""",Dgr8cali Stores,-1,No Portfolio,"=""97105648594138""",AD_READY: B0H9ZKYYHZ,"=""128782344561021""",Ad group - 10/08/2026 23:00:00.896,pill box,3205,8,0.2496%,4.97,2,17.98,2,2.48500,0.0624%,3.61771,2,17.98,2,2.48500,0.0624%,3.61771,0,0.00,0,,,,,,,,,
GBP,"Aug 15, 2026 - Aug 20, 2026","=""amzn1.ads-account.g.bndxei4mkwqg3my9vzcfqfvgh""",Dgr8cali Stores,-1,No Portfolio,"=""97105648594138""",AD_READY: B0H9ZKYYHZ,"=""128782344561021""",Ad group - 10/08/2026 23:00:00.896,3 times a day pill box,7,1,14.2857%,0.54,0,0.00,0,,0.0000%,0.00000,0,0.00,0,,0.0000%,0.00000,0,0.00,0,,,,,,,,,
GBP,"Aug 18, 2026 - Aug 18, 2026","=""amzn1.ads-account.g.bndxei4mkwqg3my9vzcfqfvgh""",Dgr8cali Stores,-1,No Portfolio,"=""97105648594138""",AD_READY: B0H9ZKYYHZ,"=""128782344561021""",Ad group - 10/08/2026 23:00:00.896,pill organiser 3 times a day large,2,1,50.0000%,0.67,0,0.00,0,,0.0000%,0.00000,0,0.00,0,,0.0000%,0.00000,0,0.00,0,,,,,,,,,
GBP,"Aug 11, 2026 - Aug 15, 2026","=""amzn1.ads-account.g.bndxei4mkwqg3my9vzcfqfvgh""",Dgr8cali Stores,-1,No Portfolio,"=""259121294523137""",Pill Box AD_READY: B0H9ZKYYHZ,"=""280862958277825""",Ad group - 11/08/2026 09:03:33.566,pill organiser,31,1,3.2258%,0.46,0,0.00,0,,0.0000%,0.00000,0,0.00,0,,0.0000%,0.00000,0,0.00,0,,,,,,,,,
